"","ZIP_3","ZIP3_ID"
"1","521",1026
"2","413",283
"3","523",1023
"4","546",288
"5","539",330
"6","545",235
"7","544",240
"8","414",324
"9","404",1070
"10","465",90
"11","535",342
"12","661",260
"13","544",241
"14","545",234
"15","463",95
"16","506",958
"17","507",957
"18","451",160
"19","544",243
"20","568",425
"21","485",196
"22","531",294
"23","452",159
"24","742",934
"25","880",1084
"26","732",971
"27","309",597
"28","296",724
"29","217",525
"30","979",1072
"31","731",972
"32","376",631
"33","883",1074
"34","731",974
"35","342",419
"36","310",663
"37","587",102
"38","794",498
"39","495",643
"40","792",502
"41","586",104
"42","554",435
"43","594",222
"44","793",501
"45","590",227
"46","655",307
"47","765",1044
"48","672",469
"49","671",476
"50","357",570
"51","338",549
"52","494",645
"53","676",451
"54","672",470
"55","262",799
"56","445",329
"57","443",336
"58","665",253
"59","565",350
"60","562",364
"61","268",784
"62","485",194
"63","265",789
"64","665",251
"65","566",349
"66","666",249
"67","990",1158
"68","193",762
"69","822",19
"70","913",895
"71","823",17
"72","064",687
"73","961",58
"74","912",897
"75","994",1147
"76","852",1004
"77","851",1005
"78","953",156
"79","824",13
"80","821",20
"81","951",93
"82","063",689
"83","067",673
"84","061",692
"85","856",1055
"86","169",869
"87","079",739
"88","926",840
"89","925",847
"90","927",835
"91","840",49
"92","042",868
"93","182",698
"94","841",45
"95","845",80
"96","927",838
"97","832",135
"98","924",849
"99","048",858
"100","183",697
"101","172",719
"102","934",50
"103","843",83
"104","094",1123
"105","942",27
"106","941",1171
"107","940",1176
"108","049",857
"109","105",363
"110","121",527
"111","941",1174
"112","109",431
"113","133",824
"114","941",1175
"115","162",888
"116","102",383
"117","120",530
"118","333",509
"119","336",499
"120","287",896
"121","643",1035
"122","355",574
"123","275",922
"124","753",1121
"125","750",1131
"126","603",62
"127","642",1037
"128","345",408
"129","752",1124
"130","351",585
"131","355",575
"132","331",511
"133","724",72
"134","282",902
"135","691",187
"136","711",125
"137","712",124
"138","354",576
"139","711",126
"140","647",1099
"141","636",1161
"142","328",646
"143","316",675
"144","344",409
"145","725",71
"146","635",1163
"147","272",927
"148","886",1064
"149","727",66
"150","716",116
"151","704",9
"152","701",11
"153","638",1156
"154","740",942
"155","703",10
"156","346",406
"157","363",559
"158","737",1038
"159","726",67
"160","216",528
"161","361",561
"162","746",968
"163","311",662
"164","248",531
"165","254",848
"166","881",1080
"167","372",636
"168","972",1020
"169","891",332
"170","245",543
"171","895",320
"172","200",623
"173","998",1169
"174","223",400
"175","221",404
"176","241",557
"177","221",403
"178","293",727
"179","242",550
"180","213",478
"181","214",471
"182","385",613
"183","381",618
"184","923",851
"185","963",56
"186","812",44
"187","857",1050
"188","063",688
"189","850",1009
"190","814",42
"191","391",713
"192","808",815
"193","836",129
"194","933",51
"195","855",1057
"196","952",92
"197","854",1060
"198","193",764
"199","075",745
"200","997",1170
"201","383",615
"202","867",982
"203","986",1016
"204","868",981
"205","975",1091
"206","236",568
"207","866",988
"208","383",616
"209","960",59
"210","911",899
"211","917",878
"212","861",953
"213","237",566
"214","865",996
"215","192",765
"216","018",856
"217","153",914
"218","031",906
"219","124",522
"220","019",853
"221","174",716
"222","475",212
"223","524",1095
"224","476",210
"225","471",215
"226","538",333
"227","663",257
"228","405",1067
"229","498",638
"230","402",1012
"231","405",1066
"232","533",292
"233","453",158
"234","513",1148
"235","427",278
"236","662",259
"237","510",1097
"238","448",418
"239","514",1146
"240","446",326
"241","447",422
"242","445",328
"243","882",1078
"244","733",1043
"245","977",1079
"246","245",540
"247","970",1024
"248","364",558
"249","744",970
"250","362",560
"251","734",1042
"252","976",1082
"253","212",487
"254","884",1071
"255","313",660
"256","292",728
"257","892",327
"258","877",1165
"259","246",539
"260","915",889
"261","975",1085
"262","387",608
"263","894",323
"264","229",454
"265","295",725
"266","999",1168
"267","229",453
"268","356",571
"269","337",554
"270","721",33
"271","350",586
"272","780",275
"273","687",386
"274","604",61
"275","722",76
"276","692",183
"277","785",265
"278","646",1100
"279","648",1098
"280","281",904
"281","288",894
"282","630",1106
"283","782",270
"284","749",964
"285","786",263
"286","783",267
"287","635",1162
"288","743",929
"289","694",174
"290","705",8
"291","316",677
"292","353",578
"293","638",1155
"294","713",122
"295","341",423
"296","261",800
"297","781",273
"298","671",477
"299","596",220
"300","269",781
"301","651",311
"302","764",1045
"303","595",221
"304","356",572
"305","673",463
"306","686",388
"307","645",1101
"308","343",413
"309","273",925
"310","343",414
"311","253",850
"312","249",564
"313","730",978
"314","725",70
"315","245",542
"316","896",316
"317","731",973
"318","304",605
"319","776",312
"320","796",492
"321","490",658
"322","570",172
"323","673",464
"324","777",397
"325","491",654
"326","797",488
"327","798",482
"328","563",356
"329","795",495
"330","481",206
"331","483",201
"332","678",518
"333","564",351
"334","791",506
"335","483",199
"336","441",340
"337","484",197
"338","830",87
"339","085",730
"340","835",131
"341","956",143
"342","045",862
"343","067",674
"344","931",55
"345","147",772
"346","082",735
"347","080",738
"348","832",136
"349","943",26
"350","833",133
"351","093",1126
"352","171",722
"353","845",79
"354","145",775
"355","141",778
"356","140",783
"357","945",22
"358","149",770
"359","122",524
"360","062",691
"361","073",747
"362","806",818
"363","394",706
"364","813",43
"365","853",1001
"366","853",999
"367","819",30
"368","922",852
"369","955",150
"370","927",836
"371","190",766
"372","954",154
"373","974",1018
"374","243",547
"375","238",595
"376","993",1149
"377","911",898
"378","388",606
"379","869",980
"380","964",89
"381","907",748
"382","904",760
"383","125",521
"384","011",813
"385","155",913
"386","030",908
"387","026",769
"388","028",767
"389","516",1139
"390","264",792
"391","442",339
"392","525",1094
"393","478",208
"394","667",304
"395","460",100
"396","424",229
"397","677",450
"398","496",642
"399","563",354
"400","552",440
"401","593",224
"402","426",280
"403","534",291
"404","455",155
"405","429",272
"406","428",274
"407","266",788
"408","576",164
"409","678",519
"410","301",596
"411","306",602
"412","203",620
"413","220",405
"414","371",637
"415","972",1021
"416","875",1135
"417","238",592
"418","382",617
"419","893",325
"420","976",1083
"421","916",882
"422","762",1048
"423","766",1115
"424","350",587
"425","659",353
"426","320",630
"427","605",60
"428","612",1030
"429","632",1104
"430","324",625
"431","751",1128
"432","633",1102
"433","752",1125
"434","634",1164
"435","259",829
"436","723",74
"437","783",268
"438","257",834
"439","748",966
"440","345",407
"441","637",1160
"442","258",830
"443","255",846
"444","715",118
"445","978",1077
"446","239",590
"447","809",814
"448","836",130
"449","918",875
"450","910",900
"451","965",88
"452","962",57
"453","905",759
"454","864",943
"455","235",569
"456","384",614
"457","294",726
"458","393",707
"459","598",218
"460","768",1109
"461","675",455
"462","552",443
"463","787",261
"464","352",579
"465","247",534
"466","831",86
"467","840",47
"468","831",84
"469","931",52
"470","930",28
"471","044",864
"472","168",872
"473","944",23
"474","068",669
"475","083",732
"476","148",771
"477","091",1132
"478","172",721
"479","106",438
"480","134",822
"481","131",826
"482","940",1177
"483","123",523
"484","940",1178
"485","157",912
"486","163",881
"487","152",915
"488","243",546
"489","731",976
"490","735",1041
"491","745",969
"492","227",462
"493","211",491
"494","883",1076
"495","246",536
"496","214",473
"497","916",883
"498","874",1136
"499","312",661
"500","973",1019
"501","238",594
"502","065",684
"503","905",755
"504","823",18
"505","856",1052
"506","392",712
"507","841",46
"508","957",139
"509","927",839
"510","084",731
"511","043",867
"512","069",664
"513","082",736
"514","167",873
"515","047",859
"516","095",1119
"517","135",820
"518","096",1116
"519","101",387
"520","876",1166
"521","914",893
"522","991",1154
"523","032",905
"524","019",855
"525","027",768
"526","322",627
"527","614",1028
"528","682",395
"529","658",361
"530","599",216
"531","274",924
"532","754",1117
"533","643",1036
"534","283",901
"535","717",110
"536","708",2
"537","784",266
"538","638",1157
"539","639",1151
"540","274",923
"541","885",1068
"542","343",412
"543","474",213
"544","406",1063
"545","470",217
"546","415",321
"547","567",347
"548","497",641
"549","669",295
"550","677",447
"551","264",794
"552","677",446
"553","575",166
"554","587",103
"555","779",390
"556","551",445
"557","654",308
"558","493",648
"559","778",392
"560","678",520
"561","656",377
"562","511",1096
"563","665",250
"564","421",233
"565","448",417
"566","669",297
"567","535",345
"568","583",109
"569","537",338
"570","794",496
"571","465",91
"572","502",961
"573","462",98
"574","544",242
"575","535",343
"576","425",281
"577","457",144
"578","585",105
"579","556",428
"580","581",115
"581","593",223
"582","576",161
"583","483",200
"584","532",293
"585","664",255
"586","267",786
"587","456",153
"588","568",426
"589","780",276
"590","321",629
"591","685",389
"592","337",553
"593","644",1033
"594","325",624
"595","353",577
"596","328",647
"597","692",182
"598","352",580
"599","706",6
"600","343",410
"601","315",678
"602","742",930
"603","343",411
"604","717",111
"605","714",121
"606","217",526
"607","245",541
"608","309",598
"609","228",459
"610","214",472
"611","975",1088
"612","867",986
"613","996",1141
"614","653",309
"615","564",352
"616","768",1107
"617","674",460
"618","767",1111
"619","262",798
"620","573",169
"621","652",310
"622","670",480
"623","763",1046
"624","736",1039
"625","308",601
"626","820",1167
"627","851",1006
"628","851",1008
"629","931",53
"630","076",744
"631","926",841
"632","831",85
"633","068",667
"634","068",666
"635","083",733
"636","168",871
"637","945",21
"638","144",777
"639","095",1118
"640","016",806
"641","015",807
"642","103",379
"643","185",695
"644","017",804
"645","393",708
"646","825",12
"647","077",742
"648","816",39
"649","818",31
"650","062",690
"651","957",140
"652","896",315
"653","242",551
"654","202",621
"655","976",1081
"656","201",622
"657","210",494
"658","375",632
"659","975",1089
"660","985",959
"661","215",466
"662","837",128
"663","395",705
"664","957",142
"665","041",870
"666","092",1130
"667","145",776
"668","165",874
"669","159",907
"670","158",909
"671","107",437
"672","173",718
"673","104",369
"674","658",360
"675","326",657
"676","272",926
"677","692",179
"678","631",1105
"679","330",513
"680","885",1069
"681","728",63
"682","012",811
"683","029",802
"684","029",803
"685","865",995
"686","918",876
"687","863",951
"688","867",983
"689","918",877
"690","864",948
"691","794",497
"692","574",168
"693","572",170
"694","761",1056
"695","544",239
"696","539",331
"697","472",214
"698","668",300
"699","408",1059
"700","461",99
"701","407",1061
"702","509",955
"703","509",954
"704","458",189
"705","194",761
"706","193",763
"707","066",681
"708","068",668
"709","844",81
"710","046",860
"711","361",562
"712","248",532
"713","204",619
"714","865",992
"715","916",884
"716","214",475
"717","386",611
"718","374",634
"719","688",384
"720","323",626
"721","338",548
"722","351",582
"723","326",656
"724","742",932
"725","975",1090
"726","239",588
"727","214",474
"728","865",989
"729","863",950
"730","865",990
"731","522",1025
"732","463",96
"733","543",244
"734","464",94
"735","501",928
"736","542",248
"737","668",299
"738","545",237
"739","543",246
"740","454",157
"741","543",247
"742","508",956
"743","487",190
"744","560",385
"745","562",367
"746","669",298
"747","562",366
"748","482",205
"749","216",529
"750","247",533
"751","342",421
"752","493",649
"753","515",1144
"754","584",106
"755","538",335
"756","583",107
"757","850",1011
"758","392",710
"759","950",97
"760","906",749
"761","906",753
"762","396",704
"763","263",796
"764","552",441
"765","552",442
"766","225",393
"767","865",991
"768","865",997
"769","543",245
"770","486",193
"771","427",279
"772","515",1142
"773","563",358
"774","582",112
"775","265",791
"776","448",416
"777","181",701
"778","180",702
"779","926",844
"780","184",696
"781","108",432
"782","277",919
"783","694",176
"784","611",962
"785","716",117
"786","741",940
"787","317",670
"788","317",671
"789","707",5
"790","741",939
"791","130",833
"792","010",816
"793","013",810
"794","786",262
"795","356",573
"796","720",40
"797","723",75
"798","742",931
"799","742",933
"800","317",672
"801","916",887
"802","916",886
"803","906",750
"804","065",683
"805","797",489
"806","555",434
"807","576",163
"808","670",479
"809","337",555
"810","239",589
"811","244",544
"812","370",639
"813","890",337
"814","210",493
"815","373",635
"816","975",1087
"817","915",890
"818","229",452
"819","081",737
"820","146",774
"821","834",132
"822","941",1173
"823","520",1027
"824","418",313
"825","487",191
"826","580",119
"827","269",780
"828","803",825
"829","126",516
"830","597",219
"831","479",207
"832","412",284
"833","477",209
"834","406",1062
"835","423",230
"836","538",334
"837","562",368
"838","588",101
"839","940",1179
"840","077",741
"841","857",1051
"842","815",41
"843","857",1049
"844","046",861
"845","844",82
"846","226",391
"847","246",538
"848","242",552
"849","975",1086
"850","798",484
"851","767",1114
"852","695",173
"853","277",920
"854","644",1032
"855","351",583
"856","710",78
"857","639",1152
"858","318",665
"859","707",4
"860","741",941
"861","747",967
"862","308",600
"863","917",879
"864","824",16
"865","906",751
"866","905",756
"867","263",797
"868","552",439
"869","763",1047
"870","014",809
"871","334",505
"872","259",827
"873","483",202
"874","853",1000
"875","995",1145
"876","562",365
"877","422",232
"878","536",341
"879","668",302
"880","555",433
"881","905",758
"882","987",1013
"883","044",865
"884","931",54
"885","170",723
"886","683",394
"887","681",401
"888","692",184
"889","282",903
"890","692",185
"891","315",679
"892","637",1159
"893","742",936
"894","728",65
"895","215",465
"896","561",381
"897","731",975
"898","308",599
"899","238",591
"900","386",610
"901","915",892
"902","546",290
"903","459",188
"904","568",424
"905","360",563
"906","475",211
"907","552",444
"908","278",916
"909","668",303
"910","563",357
"911","494",644
"912","656",375
"913","269",779
"914","264",793
"915","665",252
"916","567",346
"917","557",514
"918","731",977
"919","751",1129
"920","276",921
"921","612",1031
"922","742",935
"923","708",3
"924","805",821
"925","066",682
"926","855",1058
"927","853",1003
"928","147",773
"929","185",694
"930","944",25
"931","864",946
"932","867",984
"933","927",837
"934","181",699
"935","172",720
"936","955",147
"937","804",823
"938","259",828
"939","691",186
"940","721",36
"941","228",456
"942","237",565
"943","863",952
"944","163",880
"945","011",812
"946","411",285
"947","668",301
"948","554",436
"949","561",382
"950","556",430
"951","556",429
"952","086",729
"953","926",843
"954","955",148
"955","955",149
"956","158",910
"957","677",449
"958","667",305
"959","567",348
"960","516",1140
"961","798",485
"962","633",1103
"963","321",628
"964","721",34
"965","708",1
"966","711",127
"967","205",640
"968","074",746
"969","492",651
"970","780",277
"971","334",503
"972","730",979
"973","392",711
"974","136",819
"975","351",581
"976","694",178
"977","256",845
"978","721",35
"979","706",7
"980","975",1093
"981","867",987
"982","864",945
"983","417",314
"984","410",286
"985","413",282
"986","342",420
"987","817",32
"988","669",296
"989","572",171
"990","264",795
"991","656",373
"992","557",515
"993","580",120
"994","563",355
"995","656",378
"996","657",371
"997","575",167
"998","535",344
"999","957",138
"1000","044",866
"1001","955",151
"1002","856",1054
"1003","228",458
"1004","971",1022
"1005","386",612
"1006","786",264
"1007","710",77
"1008","721",38
"1009","741",938
"1010","824",14
"1011","790",510
"1012","492",650
"1013","186",693
"1014","158",911
"1015","393",709
"1016","957",141
"1017","093",1127
"1018","015",808
"1019","906",752
"1020","864",944
"1021","019",854
"1022","315",680
"1023","326",655
"1024","887",1134
"1025","979",1073
"1026","483",203
"1027","798",481
"1028","793",500
"1029","545",236
"1030","415",322
"1031","545",238
"1032","791",508
"1033","305",604
"1034","883",1075
"1035","244",545
"1036","865",994
"1037","916",885
"1038","396",703
"1039","955",145
"1040","278",917
"1041","725",68
"1042","639",1153
"1043","713",123
"1044","236",567
"1045","987",1015
"1046","065",685
"1047","851",1007
"1048","807",817
"1049","077",743
"1050","840",48
"1051","045",863
"1052","174",717
"1053","017",805
"1054","387",609
"1055","692",180
"1056","316",676
"1057","783",269
"1058","742",937
"1059","887",1133
"1060","791",507
"1061","591",226
"1062","517",1138
"1063","140",782
"1064","246",537
"1065","856",1053
"1066","327",653
"1067","694",175
"1068","721",37
"1069","592",225
"1070","798",486
"1071","224",398
"1072","241",556
"1073","674",461
"1074","277",918
"1075","895",319
"1076","613",1029
"1077","767",1113
"1078","753",1122
"1079","181",700
"1080","503",960
"1081","663",256
"1082","482",204
"1083","865",993
"1084","955",146
"1085","083",734
"1086","175",714
"1087","867",985
"1088","424",228
"1089","267",785
"1090","265",790
"1091","724",73
"1092","735",1040
"1093","896",317
"1094","222",402
"1095","215",468
"1096","987",1014
"1097","896",318
"1098","343",415
"1099","657",370
"1100","682",396
"1101","782",271
"1102","330",512
"1103","656",374
"1104","517",1137
"1105","926",842
"1106","944",24
"1107","941",1172
"1108","095",1120
"1109","078",740
"1110","955",152
"1111","387",607
"1112","986",1017
"1113","657",372
"1114","639",1150
"1115","486",192
"1116","423",231
"1117","306",603
"1118","065",686
"1119","864",947
"1120","662",258
"1121","563",359
"1122","768",1108
"1123","798",483
"1124","656",376
"1125","930",29
"1126","853",1002
"1127","313",659
"1128","224",399
"1129","863",949
"1130","238",593
"1131","824",15
"1132","351",584
"1133","767",1112
"1134","694",177
"1135","484",198
"1136","215",467
"1137","267",787
"1138","576",162
"1139","957",137
"1140","833",134
"1141","667",306
"1142","485",195
"1143","561",380
"1144","583",108
"1145","334",504
"1146","748",965
"1147","906",754
"1148","768",1110
"1149","492",652
"1150","865",998
"1151","175",715
"1152","797",490
"1153","692",181
"1154","749",963
"1155","886",1065
"1156","725",69
"1157","410",287
"1158","546",289
"1159","228",457
"1160","247",535
"1161","374",633
"1162","658",362
"1163","515",1143
"1164","581",114
"1165","975",1092
"1166","644",1034
"1167","728",64
"1168","905",757
"1169","850",1010
"1170","261",801
"1171","576",165
"1172","582",113
"1173","678",517
"1174","665",254
"1175","556",427
"1176","915",891
"1177","677",448
"1178","258",832
"1179","258",831
