Species,Species_lat,Species_eng,DDA_2007,Rote_liste_2015,DDA_2021
Alpenstrandlaeufer,Calidris_alpina,Dunlin,CR,CR,CR
Auerhuhn,Tetrao_urogallus,Capercaillie,CR,CR,CR
Bekassine,Gallinago_gallinago,Common_Snipe,CR,CR,CR
Brachpieper,Anthus_campestris,Tawny_Pipit,CR,CR,CR
Bruchwasserlaeufer,Tringa_glareola,Wood_Sandpiper,CR,CR,CR
Goldregenpfeifer,Pluvialis_apricaria,European_Golden_Plover,CR,CR,CR
Grosser Brachvogel,Numenius_arquata,Curlew,CR,CR,CR
Grosstrappe,Otis_tarda,Great_Bustard,CR,CR,CR
Haubenlerche,Galerida_cristata,Crested_Lark,CR,CR,CR
Kampflaeufer,Calidris_pugnax,Ruff,CR,CR,CR
Lachseeschwalbe,Gelochelidon_nilotica,Gull-billed_Tern,CR,CR,CR
Moorente,Aythya_nyroca,Ferruginous_Duck,CR,CR,CR
Raubseeschwalbe,Hydroprogne_caspia,Caspian_Tern,CR,CR,CR
Rotkopfwuerger,Lanius_senator,Woodchat_Shrike,CR,CR,CR
Sandregenpfeifer,Charadrius_hiaticula,Common_Ringed_Plover,CR,CR,CR
Schreiadler,Clanga_pomarina,Lesser_Spotted_Eagle,CR,CR,CR
Seeregenpfeifer,Charadrius_alexandrinus,Kentish_Plover,CR,CR,CR
Seggenrohrsaenger,Acrocephalus_paludicola,Aquatic_Warbler,CR,CR,CR
Steinroetel,Monticola_saxatilis,Rufous-tailed_Rock-Thrush,CR,EN,CR
Steinschmaetzer,Oenanthe_oenanthe,Northern_Wheatear,CR,CR,CR
Sumpfohreule,Asio_flammeus,Short-eared_Owl,CR,CR,CR
Uferschnepfe,Limosa_limosa,Black-tailed_Godwit,CR,CR,CR
Zippammer,Emberiza_cia,Rock_Bunting,CR,CR,CR
Zwergseeschwalbe,Sterna_albifrons,Little_Tern,CR,CR,CR
Brandseeschwalbe,Thalasseus_sandvicensis,Sandwich_Tern,EN,CR,CR
Knaekente,Spatula_querquedula,Garganey,EN,EN,CR
Kornweihe,Circus_cyaneus,Hen_Harrier,EN,CR,CR
Kuestenseeschwalbe,Sterna_paradisaea,Arctic_Tern,EN,CR,CR
Raubwuerger,Lanius_excubitor,Great_Grey_Shrike,EN,EN,CR
Wachtelkoenig,Crex_crex,Corncrake,EN,EN,CR
Beutelmeise,Remiz_pendulinus,Penduline_Tit,LC,LC,CR
Sperbergrasmuecke,Curruca_nisoria,Barred_Warbler,LC,VU,CR
Nachtreiher,Nycticorax_nycticorax,Night_Heron,CR,EN,EN
Birkhuhn,Lyrurus_tetrix,Black_Grouse,EN,CR,EN
Flussseeschwalbe,Sterna_hirundo,Common_Tern,EN,EN,EN
Flussuferlaeufer,Actitis_hypoleucos,Common_Snadpiper,EN,EN,EN
Grauspecht,Picus_canus,Grey-headed_Woodpecker,EN,EN,EN
Haselhuhn,Tetrastes_bonasia,Hazel_Grouse,EN,EN,EN
Kiebitz,Vanellus_vanellus,Lapwing,EN,EN,EN
Rebhuhn,Perdix_perdix,Grey_Partridge,EN,EN,EN
Weissrueckenspecht,Dendrocoposleucotos,White-backed_Woodpecker,EN,EN,EN
Wiesenweihe,Circus_pygargus,Montagu’s_Harrier,EN,EN,EN
Dreizehenmoewe,Rissa_tridactyla,Black_legged_Kittiwake,R,R,EN
Feldschwirl,Locustella_naevia,Common_Grasshopper_Warbler,NT,VU,EN
Rotschenkel,Tringa_totanus,Redshank,NT,VU,EN
Wiesenpieper,Anthus_pratensis,Meadow_Pipit,NT,EN,EN
Braunkehlchen,Saxicola_rubetra,Whinchat,VU,EN,EN
Ortolan,Emberiza_hortulana,Ortolan_Bunting,VU,VU,EN
Spiessente,Anas_acuta,Northern_Pintail,VU,VU,EN
Turteltaube,Streptopelia_turtur,Turtle_Dove,VU,EN,EN
Steinwaelzer,Arenaria_interpres,Turnstone,EN,EN,EX
Blauracke,Coracias_garrulus,European_roller,EX,EX,EX
Papageitaucher,Fratercula_arctica,Puffin,EX,EX,EX
Steinsperling,Petronia_petronia,Rock_Sparrow,EX,EX,EX
Waldrapp,Geronticus_eremita,Northern_Bald_Ibis,EX,EX ,EX
Ohrentaucher,Podiceps_auritus,Slavonian_Grebe,CR,CR,R
Steinadler,Aquila_chrysaetos,Golden_Eagle,EN,R,R
Alpenbraunelle,Prunella_collaris,Alpine_Accentor,R,R,R
Alpendohle,Pyrrhocorax_graculus,Alpine_Chough,R,R,R
Alpenschneehuhn,Lagopus_muta,Ptarmigan,R,R,R
Alpensegler,Tachymarptis_melba,Alpine_Swift,R,R,R
Basstoelpel,Morus_bassanus,Gannet,R,R,R
Eissturmvogel,Fulmarus_glacialis,Northern_Fulmar,R,R,R
Felsenschwalbe,Ptyonoprogne_rupestris,Crag_Martin,R,R,R
Gruenlaubsaenger,Phylloscopus_trochiloides,Greenish_Warbler,R,R,R
Habichtskauz,Strix_uralensis,Ural_Owl,R,R,R
Loeffler,Platalea_leucorodia,Spoonbill,R,R,R
Mauerlaeufer,Tichodroma_muraria,Wallcreeper,R,R,R
Pfeifente,Mareca_penelope,Wigeon,R,R,R
Purpurreiher,Ardea_purpurea,Purple_Heron,R,R,R
Schneesperling,Montifringilla_nivalis,White-winged_Snowfinch,R,R,R
Trottellumme,Uria_aalge,Guillemot,R,R,R
Weissbart-Seeschwalbe,Chlidonias_hybrida,Whiskered_Tern,R,R,R
Zwergmoewe,Hydrocoloeus_minutus,Little_Gull,R,R,R
Weissfluegelseeschwalbe,Chlidonias_leucopterus,White-winged_Tern,EX,R,R
Silberreiher,Ardea_alba,Great_White_Egret,NE,NE,R
Dreizehenspecht,Picoides_tridactylus,Three-toed_Woodpecker,EN,LC,LC
Mantelmoewe,Larus_marinus,Great_Black-backed_Gull,R,LC,LC
Steppenmoewe,Larus_cachinnans,Caspian_Gull,R,R,LC
Amsel,Turdus_merula,Blackbird,LC,LC,LC
Austernfischer,Haematopus_ostralegus,Oystercatcher,LC,LC,LC
Bachstelze,Motacilla_alba,White_Wagtail,LC,LC,LC
Bartmeise,Panurus_biarmicus,Bearded_Tit,LC,LC,LC
Bergfink,Fringilla_montifringilla,Brambling,LC,LC,LC
Berglaubsaenger,Phylloscopus_bonelli,Bonelli's_Warbler,LC,LC,LC
Bergpieper,Anthus_spinoletta,Water_Pipit,LC,LC,LC
Bienenfresser,Merops_apiaster,Bee-eater,LC,LC,LC
Birkenzeisig,Acanthis_flammea,Common_Redpoll,LC,LC,LC
Blaesshuhn,Fulica_atra,Coot,LC,LC,LC
Blaumeise,Cyanistes_caeruleus,Eurasian_Blue_Tit,LC,LC,LC
Brandgans,Tadorna_tadorna,Common_Shelduck,LC,LC,LC
Buchfink,Fringilla_coelebs,Chaffinch,LC,LC,LC
Buntspecht,Dendrocopos_major,Great_Spotted_Woodpecker,LC,LC,LC
Dohle,Corvus_monedula,Jackdaw,LC,LC,LC
Dorngrasmuecke,Sylvia_communis,Whithethroat,LC,LC,LC
Eichelhaeher,Garrulus_glandarius,Eurasian_Jay,LC,LC,LC
Eiderente,Somateria_mollissima,Common_Eider,LC,LC,LC
Eisvogel,Alcedo_atthis,Kingfisher,LC,LC,LC
Elster,Pica_pica,Eurasian_Magpie,LC,LC,LC
Erlenzeisig,Carduelis_spinus,Siskin,LC,LC,LC
Fichtenkreuzschnabel,Loxia_curvirostra,Red_Crossbill,LC,LC,LC
Fitis,Phylloscopus_trochilus,Willow_Warbler,LC,LC,LC
Gartenbaumlaeufer,Certhia_brachydactyla,Short-toed_Treecreeper,LC,LC,LC
Gartengrasmuecke,Sylvia_borin,Garden_Warbler,LC,LC,LC
Gartenrotschwanz,Phoenicurus_phoenicurus,Common_Redstart_,LC,NT,LC
Gebirgsstelze,Motacilla_cinerea,Grey_Wagtail,LC,LC,LC
Gelbspoetter,Hippolais_icterina,Icterine_Warbler,LC,LC,LC
Gimpel,Pyrrhula_pyrrhula,Bullfinch,LC,LC,LC
Girlitz,Serinus_serinus,Serin,LC,LC,LC
Goldammer,Emberiza_citrinella,Yellowhammer,LC,NT,LC
Graugans,Anser_anser,Greylag_Goose,LC,LC,LC
Graureiher,Ardea_cinerea,Grey_Heron,LC,LC,LC
Gruenfink,Carduelis_chloris,Greenfinch,LC,LC,LC
Gruenspecht,Picus_viridis,European_Green_Woodpecker,LC,LC,LC
Habicht,Accipiter_gentilis,Goshawk,LC,LC,LC
Haubenmeise,Parus_cristatus,Crested_Tit,LC,LC,LC
Haubentaucher,Podiceps_cristatus,Great_Crested_Grebe,LC,LC,LC
Hausrotschwanz,Phoenicurus_ochruros,Black_Redstart,LC,LC,LC
Heckenbraunelle,Prunella_modularis,Dunnock,LC,LC,LC
Heringsmoewe,Larus_fuscus,Lesser_Black-backed_Gull,LC,LC,LC
Hoeckerschwan,Cygnus_olor,Mute_Swan,LC,LC,LC
Hohltaube,Columba_oenas,Stock_Dove,LC,LC,LC
Kernbeisser,Coccothraustes_coccothraustes,Hawfinch,LC,LC,LC
Klappergrasmuecke,Sylvia_curucca,Lesser_Whitethroat,LC,LC,LC
Kleiber,Sitta_europaea,Eurasian_Nuthatch,LC,LC,LC
Kohlmeise,Parus_major,Great_Tit,LC,LC,LC
Kolkrabe,Corvus_corax,Raven,LC,LC,LC
Kormoran,Phalacrocorax_carbo,Cormorant,LC,LC,LC
Kranich,Grus_grus,Common_Crane,LC,LC,LC
Lachmoewe,Chroicocephalus_ridibundus,Black-headed_Gull,LC,LC,LC
Maeusebussard,Buteo_buteo,Common_Buzzard,LC,LC,LC
Mauersegler,Apus_apus,Swift,LC,LC,LC
Misteldrossel,Turdus_viscivorus,Mistle_Thrush,LC,LC,LC
Mittelmeermoewe,Larus_michahellis,Yellow-legged_Gull,LC,LC,LC
Mittelspecht,Dendrocopos_medius,Middle_Spotted_Woodpecker,LC,LC,LC
Moenchsgrasmuecke,Sylvia_atricapilla,Blackcap,LC,LC,LC
Nachtigall,Luscinia_megarhynchos,Nightingale,LC,LC,LC
Nebelkraehe,Corvus_corone_cornix,Hooded_Crow,LC,LC,LC
Neuntoeter,Lanius_collurio,Red-backed_Shrike,LC,LC,LC
Orpheusspoetter,Hippolais_polyglotta,Melodious_Warbler,LC,LC,LC
Rabenkraehe,Corvus_corone_corone,Carrion_Crow,LC,LC,LC
Raufusskauz,Aegolius_funereus,Tengmalm’s_Owl,LC,LC,LC
Reiherente,Aythya_fuligula,Tufted_Duck,LC,LC,LC
Ringdrossel,Turdus_torquatus,Ring_Quzel,LC,LC,LC
Ringeltaube,Columba_palumbus,Woodpigeon,LC,LC,LC
Rohrammer,Emberiza_calandra,Reed_Bunting,LC,LC,LC
Rohrschwirl,Locustella_luscinioides,Savi’s_Warbler,LC,LC,LC
Rohrweihe,Circus_aeruginosus,Marsh_Harrier,LC,LC,LC
Rothalstaucher,Podiceps_grisegena,Red-necked_Grebe,LC,LC,LC
Rotkehlchen,Erithacus_rubecula,European_Robin,LC,LC,LC
Rotmilan,Milvus_milvus,Red_Kite,LC,NT,LC
Saatkraehe,Corvus_frugilegus,Rook,LC,LC,LC
Schafstelze,Motacilla_flava,Yellow_Wagtail,LC,LC,LC
Schellente,Bucephala_clangula,Goldeneye,LC,LC,LC
Schlagschwirl,Locustella_fluviatilis,River_Warbler,LC,LC,LC
Schleiereule,Tyto_alba,Barn_Owl,LC,LC,LC
Schnatterente,Mareca_strepera,Gadwall,LC,LC,LC
Schwanzmeise,Aegithalos_caudatus,Long-tailed_Tit,LC,LC,LC
Schwarzkopfmoewe,Ichthyaetus_melanrocephalus,Mediterranean_Gull,LC,LC,LC
Schwarzmilan,Milvus_migrans,Black_Kite,LC,LC,LC
Schwarzspecht,Dryocopus_martius,Black_Woodpecker,LC,LC,LC
Schwarzstorch,Ciconia_nigra,Black_Stork,LC,LC,LC
Seeadler,Haliaeetus_albicilla,White-tailed_Eagle,LC,LC,LC
Singdrossel,Turdus_philomelos,Song_Thrush,LC,LC,LC
Sommergoldhaehnchen,Regulus_ignicapillus,Firecrest,LC,LC,LC
Sperber,Accipiter_nisus,Sparrowhawk,LC,LC,LC
Sperlingskauz,Glaucidium_passerinum,Pygmy_Owl,LC,LC,LC
Stieglitz,Carduelis_carduelis,Goldfinch,LC,LC,LC
Stockente,Anas_platyrhynchos,Mallard,LC,LC,LC
Sturmmoewe,Larus_canus,Common_Gull,LC,LC,LC
Sumpfmeise,Parus_palustris,Marsh_Tit,LC,LC,LC
Sumpfrohrsaenger,Acrocephalus_palustris,Marsh_Warbler,LC,LC,LC
Tannenhaeher,Nucifraga_caryocatactes,Spotted_Nutcracker,LC,LC,LC
Tannenmeise,Periparus_ater,Coal_Tit,LC,LC,LC
Teichrohrsaenger,Acrocephalus_scirpaceus,Eurasian_Reed_Warbler,LC,LC,LC
Tuerkentaube,Streptopelia_decaocto,Eurasian_Collared_Dove,LC,LC,LC
Turmfalke,Falco_tinnunculus,Common_Kestrel,LC,LC,LC
Uferschwalbe,Riparia_riparia,Sand_Martin,LC,NT,LC
Uhu,Bubo_bubo,Eagle_Owl,LC,LC,LC
Wacholderdrossel,Turdus_pilaris,Fieldfare,LC,LC,LC
Waldbaumlaeufer,Certhia_familiaris,Common_Treecreeper,LC,LC,LC
Waldkauz,Strix_aluco,Tawny_Owl,LC,LC,LC
Waldlaubsaenger,Phylloscopus_sibilatrix,Wood_Warbler,LC,LC,LC
Waldohreule,Asio_otus,Long-eared_Owl,LC,LC,LC
Waldwasserlaeufer,Tringa_ochropus,Green_Sandpiper,LC,LC,LC
Wanderfalke,Falco_peregrinus,Peregrine,LC,LC,LC
Wasseramsel,Cinclus_cinclus,Dipper,LC,LC,LC
Weidenmeise,Parus_montanus,Willow_Tit,LC,LC,LC
Wintergoldhaehnchen,Regulus_regulus,Goldcrest,LC,LC,LC
Zaunkoenig,Troglodytes_troglodytes,Wren,LC,LC,LC
Zilpzalp,Phylloscopus_collybita,Common_Chiffchaff,LC,LC,LC
Zwergtaucher,Tachybaptus_ruficollis,Little_Grebe,LC,LC,LC
Strassentaube,Columba_livia_f.domestica,Feral_Pigeon,LC,LC,LC
Blaukehlchen,Luscinia_svecica,Bluethroat,NT,LC,LC
Drosselrohrsaenger,Acrocephalus_arundinaceus,Great_Reed_Warbler,NT,LC,LC
Haussperling,Passer_domesticus,House_Sparrow,NT,NT,LC
Schilfrohrsaenger,Acrocephalus_schoenobaenus,Sedge_Warbler,NT,NT,LC
Schwarzkehlchen,Saxicola_rubicola,Stonechat,NT,NT,LC
Steinkauz,Athene_noctua,Little_Owl,EN,VU,NT
Flussregenpfeifer,Charadrius_dubius,Little_Ringed_Plover,LC,LC,NT
Grauschnaepper,Muscicapa_striata,Spotted_Flycatcher,LC,NT,NT
Karmingimpel,Carpodacus_erythrinus,Common_Rosefinch,LC,LC,NT
Saebelschnaebler,Recurvirostra_avosetta,Avocet,LC,LC,NT
Silbermoewe,Larus_argentatus,Herring_Gull,LC,LC,NT
Sprosser,Luscinia_luscinia,Thrush_Nightingale,LC,LC,NT
Tafelente,Aythya_ferina,Common_Pochard,LC,LC,NT
Wachtel,Coturnix_coturnix,Quail,LC,NT,NT
Baumpieper,Anthus_trivialis,Tree_Pipit,NT,VU,NT
Feldsperling,Passer_montanus,Tree_Sparrow,NT,NT,NT
Heidelerche,Lullula_arborea,Woodlark,NT,NT,NT
Pirol,Oriolus_oriolus,Eurasian_Golden_Oriole,NT,NT,NT
Rauchschwalbe,Hirundo_rustica,Barn_Swallow,NT,VU,NT
Teichhuhn,Gallinula_choropus,Common_Moorhen,NT,NT,NT
Waldschnepfe,Scolopax_rusticola,Eurasian_Woodcock,NT,NT,NT
Wasserralle,Rallus_aquaticus,Water_Rail,NT,NT,NT
Wespenbussard,Pernis_apivorus,European_Honey_Buzzard,NT,VU,NT
Grauammer,Emberiza_calandra,Corn_Bunting,VU,NT,NT
Weissstorch,Ciconia_ciconia,White_Stork,VU,VU,NT
Trauerseeschwalbe,Chlidonias_niger,Black_Tern,CR,CR,VU
Tuepfelsumpfhuhn,Porzana_porzana,Spotted_Crake,CR,VU,VU
Zwergdommel,Ixobrychus_minutus,Little_Bittern,CR,EN,VU
Gaensesaeger,Mergus_merganser,Common_Merganser,EN,NT,VU
Rohrdommel,Botaurus_stellaris,Great_Bittern,EN,VU,VU
Wendehals,Jynx_torquilla,Eurasian_Wryneck,EN,EN,VU
Wiedehopf,Upupa_epops,Eurasian_Hoopoe,EN,VU,VU
Zaunammer,Emberiza_cirlus,Cirl_Bunting,EN,VU,VU
Schwarzhalstaucher,Podiceps_nigricollis,Black-necked_Grebe,LC,LC,VU
Star,Sturnus_vulgaris,Common_Starling,LC,VU,VU
Trauerschnaepper,Ficedula_hypoleuca,Pied_Flycatcher,LC,VU,VU
Bluthaenfling,Carduelis_cannabina,Linnet,NT,VU,VU
Kleinspecht,Dendrocopos_minor,Lesser_Spotted_Woodpecker,NT,NT,VU
Kuckuck,Cuculus_canorus,Common_Cuckoo,NT,NT,VU
Mehlschwalbe,Delichon_urbica,Common_House_Martin,NT,VU,VU
Baumfalke,Falco_subbuteo,Hobby,VU,VU,VU
Feldlerche,Alauda_arvensis,Skylark,VU,VU,VU
Fischadler,Pandion_haliaetus,Osprey,VU,VU,VU
Halsbandschnaepper,Ficedula_albicollis,Collared_Flaycatcher,VU,VU,VU
Krickente,Anas_crecca,Common_Teal,VU,VU,VU
Loeffelente,Spatula_clypeata,Shoveler,VU,VU,VU
Ziegenmelker,Caprimulgus_europaeus,Nightjar,VU,VU,VU
Zitronenzeisig,Carduelis_citrinella,Citril_Finch,VU,VU,VU
